,date,name,point
0,2018-07-01,당갈,9.6
1,2018-07-01,아일라,9.55
2,2018-07-01,허스토리,9.55
3,2018-07-01,마지막 황제,9.23
4,2018-07-01,킹 오브 프리즘 프라이드 더 히어로,9.22
5,2018-07-01,사랑과 영혼,9.17
6,2018-07-01,댄서,9.11
7,2018-07-01,아바타,9.07
8,2018-07-01,개들의 섬,9.03
9,2018-07-01,아이 필 프리티,9.02
10,2018-07-01,바그다드 카페 : 디렉터스컷,9.01
11,2018-07-01,피터 래빗,8.97
12,2018-07-01,어벤져스: 인피니티 워,8.97
13,2018-07-01,미드나잇 선,8.95
14,2018-07-01,소공녀,8.86
15,2018-07-01,"스탠바이, 웬디",8.84
16,2018-07-01,아무도 모른다,8.83
17,2018-07-01,그렇게 아버지가 된다,8.83
18,2018-07-01,데드풀 2,8.77
19,2018-07-01,"부르고뉴, 와인에서 찾은 인생",8.74
20,2018-07-01,바닷마을 다이어리,8.74
21,2018-07-01,탐정: 리턴즈,8.67
22,2018-07-01,걸어도 걸어도,8.66
23,2018-07-01,진짜로 일어날지도 몰라 기적,8.64
24,2018-07-01,태풍이 지나가고,8.61
25,2018-07-01,시카리오: 데이 오브 솔다도,8.58
26,2018-07-01,"색, 계",8.52
27,2018-07-01,팬텀 스레드,8.44
28,2018-07-01,최강전사 미니특공대 : 영웅의 탄생,8.41
29,2018-07-01,셰이프 오브 워터: 사랑의 모양,8.39
30,2018-07-01,쥬라기 월드: 폴른 킹덤,8.2
31,2018-07-01,마녀,8.19
32,2018-07-01,나의 산티아고,8.13
33,2018-07-01,진주 귀걸이를 한 소녀,8.12
34,2018-07-01,환상의 빛,8.01
35,2018-07-01,극장판 포켓몬스터DP - 디아루가 VS 펄기아 VS 다크라이,7.99
36,2018-07-01,파리로 가는 길,7.91
37,2018-07-01,오션스8,7.9
38,2018-07-01,세 번째 살인,7.79
39,2018-07-01,독전,7.75
40,2018-07-01,최강전사 미니특공대 : 새로운 악당의 습격,7.56
41,2018-07-01,콜 미 바이 유어 네임,7.51
42,2018-07-01,트루스 오어 데어,7.42
43,2018-07-01,유전,7.25
44,2018-07-01,여중생A,7.07
45,2018-07-01,버닝,6.67
46,2018-07-01,게이트,3.75
47,2018-07-02,허스토리,9.52
48,2018-07-02,아일라,9.5
49,2018-07-02,마지막 황제,9.23
50,2018-07-02,킹 오브 프리즘 프라이드 더 히어로,9.22
51,2018-07-02,사랑과 영혼,9.17
52,2018-07-02,댄서,9.11
53,2018-07-02,개들의 섬,9.04
54,2018-07-02,바그다드 카페 : 디렉터스컷,9.01
55,2018-07-02,아이 필 프리티,9.01
56,2018-07-02,피터 래빗,8.97
57,2018-07-02,어벤져스: 인피니티 워,8.96
58,2018-07-02,미드나잇 선,8.94
59,2018-07-02,소공녀,8.86
60,2018-07-02,"스탠바이, 웬디",8.84
61,2018-07-02,아무도 모른다,8.83
62,2018-07-02,그렇게 아버지가 된다,8.83
63,2018-07-02,데드풀 2,8.77
64,2018-07-02,바닷마을 다이어리,8.74
65,2018-07-02,걸어도 걸어도,8.66
66,2018-07-02,탐정: 리턴즈,8.65
67,2018-07-02,진짜로 일어날지도 몰라 기적,8.64
68,2018-07-02,태풍이 지나가고,8.61
69,2018-07-02,시카리오: 데이 오브 솔다도,8.54
70,2018-07-02,"색, 계",8.52
71,2018-07-02,팬텀 스레드,8.41
72,2018-07-02,최강전사 미니특공대 : 영웅의 탄생,8.41
73,2018-07-02,셰이프 오브 워터: 사랑의 모양,8.39
74,2018-07-02,쥬라기 월드: 폴른 킹덤,8.2
75,2018-07-02,마녀,8.15
76,2018-07-02,나의 산티아고,8.13
77,2018-07-02,진주 귀걸이를 한 소녀,8.12
78,2018-07-02,환상의 빛,8.01
79,2018-07-02,극장판 포켓몬스터DP - 디아루가 VS 펄기아 VS 다크라이,8.0
80,2018-07-02,파리로 가는 길,7.91
81,2018-07-02,오션스8,7.89
82,2018-07-02,세 번째 살인,7.79
83,2018-07-02,독전,7.74
84,2018-07-02,최강전사 미니특공대 : 새로운 악당의 습격,7.56
85,2018-07-02,콜 미 바이 유어 네임,7.51
86,2018-07-02,트루스 오어 데어,7.41
87,2018-07-02,유전,7.26
88,2018-07-02,여중생A,7.04
89,2018-07-02,버닝,6.67
90,2018-07-02,레이디버그,6.0
91,2018-07-02,게이트,3.75
92,2018-07-03,당갈,9.6
93,2018-07-03,허스토리,9.52
94,2018-07-03,아일라,9.51
95,2018-07-03,마지막 황제,9.23
96,2018-07-03,킹 오브 프리즘 프라이드 더 히어로,9.22
97,2018-07-03,사랑과 영혼,9.17
98,2018-07-03,개들의 섬,9.01
99,2018-07-03,바그다드 카페 : 디렉터스컷,9.01
100,2018-07-03,아이 필 프리티,9.01
101,2018-07-03,피터 래빗,8.97
102,2018-07-03,어벤져스: 인피니티 워,8.96
103,2018-07-03,미드나잇 선,8.93
104,2018-07-03,소공녀,8.86
105,2018-07-03,"스탠바이, 웬디",8.84
106,2018-07-03,아무도 모른다,8.83
107,2018-07-03,그렇게 아버지가 된다,8.83
108,2018-07-03,데드풀 2,8.76
109,2018-07-03,"부르고뉴, 와인에서 찾은 인생",8.75
110,2018-07-03,바닷마을 다이어리,8.74
111,2018-07-03,걸어도 걸어도,8.66
112,2018-07-03,탐정: 리턴즈,8.64
113,2018-07-03,진짜로 일어날지도 몰라 기적,8.64
114,2018-07-03,태풍이 지나가고,8.61
115,2018-07-03,앤트맨,8.6
116,2018-07-03,시카리오: 데이 오브 솔다도,8.54
117,2018-07-03,"색, 계",8.52
118,2018-07-03,팬텀 스레드,8.42
119,2018-07-03,최강전사 미니특공대 : 영웅의 탄생,8.41
120,2018-07-03,셰이프 오브 워터: 사랑의 모양,8.39
121,2018-07-03,쥬라기 월드: 폴른 킹덤,8.19
122,2018-07-03,나의 산티아고,8.13
123,2018-07-03,마녀,8.12
124,2018-07-03,진주 귀걸이를 한 소녀,8.12
125,2018-07-03,환상의 빛,8.01
126,2018-07-03,극장판 포켓몬스터DP - 디아루가 VS 펄기아 VS 다크라이,7.99
127,2018-07-03,파리로 가는 길,7.91
128,2018-07-03,오션스8,7.87
129,2018-07-03,세 번째 살인,7.79
130,2018-07-03,독전,7.74
131,2018-07-03,최강전사 미니특공대 : 새로운 악당의 습격,7.56
132,2018-07-03,콜 미 바이 유어 네임,7.5
133,2018-07-03,트루스 오어 데어,7.42
134,2018-07-03,유전,7.26
135,2018-07-03,여중생A,6.99
136,2018-07-03,버닝,6.67
137,2018-07-03,레이디버그,6.0
138,2018-07-03,게이트,3.75
139,2018-07-04,아일라,9.55
140,2018-07-04,허스토리,9.49
141,2018-07-04,마지막 황제,9.23
142,2018-07-04,사랑과 영혼,9.17
143,2018-07-04,바그다드 카페 : 디렉터스컷,9.01
144,2018-07-04,아이 필 프리티,9.01
145,2018-07-04,개들의 섬,8.98
146,2018-07-04,피터 래빗,8.97
147,2018-07-04,어벤져스: 인피니티 워,8.96
148,2018-07-04,미드나잇 선,8.9
149,2018-07-04,소공녀,8.86
150,2018-07-04,"스탠바이, 웬디",8.85
151,2018-07-04,아무도 모른다,8.83
152,2018-07-04,그렇게 아버지가 된다,8.83
153,2018-07-04,데드풀 2,8.76
154,2018-07-04,"부르고뉴, 와인에서 찾은 인생",8.75
155,2018-07-04,바닷마을 다이어리,8.74
156,2018-07-04,앤트맨과 와스프,8.73
157,2018-07-04,걸어도 걸어도,8.66
158,2018-07-04,진짜로 일어날지도 몰라 기적,8.64
159,2018-07-04,탐정: 리턴즈,8.63
160,2018-07-04,태풍이 지나가고,8.61
161,2018-07-04,시카리오: 데이 오브 솔다도,8.55
162,2018-07-04,"색, 계",8.52
163,2018-07-04,팬텀 스레드,8.41
164,2018-07-04,최강전사 미니특공대 : 영웅의 탄생,8.41
165,2018-07-04,셰이프 오브 워터: 사랑의 모양,8.39
166,2018-07-04,쥬라기 월드: 폴른 킹덤,8.19
167,2018-07-04,나의 산티아고,8.13
168,2018-07-04,진주 귀걸이를 한 소녀,8.12
169,2018-07-04,마녀,8.1
170,2018-07-04,환상의 빛,8.01
171,2018-07-04,극장판 포켓몬스터DP - 디아루가 VS 펄기아 VS 다크라이,7.99
172,2018-07-04,파리로 가는 길,7.91
173,2018-07-04,오션스8,7.87
174,2018-07-04,세 번째 살인,7.79
175,2018-07-04,독전,7.73
176,2018-07-04,최강전사 미니특공대 : 새로운 악당의 습격,7.56
177,2018-07-04,콜 미 바이 유어 네임,7.51
178,2018-07-04,트루스 오어 데어,7.41
179,2018-07-04,유전,7.26
180,2018-07-04,여중생A,7.0
181,2018-07-04,버닝,6.67
182,2018-07-04,레이디버그,6.0
183,2018-07-05,아일라,9.55
184,2018-07-05,허스토리,9.49
185,2018-07-05,마지막 황제,9.23
186,2018-07-05,사랑과 영혼,9.17
187,2018-07-05,바그다드 카페 : 디렉터스컷,9.01
188,2018-07-05,아이 필 프리티,9.01
189,2018-07-05,개들의 섬,8.97
190,2018-07-05,피터 래빗,8.97
191,2018-07-05,어벤져스: 인피니티 워,8.96
192,2018-07-05,미드나잇 선,8.9
193,2018-07-05,소공녀,8.87
194,2018-07-05,"스탠바이, 웬디",8.85
195,2018-07-05,아무도 모른다,8.83
196,2018-07-05,그렇게 아버지가 된다,8.83
197,2018-07-05,앤트맨과 와스프,8.78
198,2018-07-05,데드풀 2,8.76
199,2018-07-05,"부르고뉴, 와인에서 찾은 인생",8.75
200,2018-07-05,바닷마을 다이어리,8.74
201,2018-07-05,걸어도 걸어도,8.66
202,2018-07-05,진짜로 일어날지도 몰라 기적,8.64
203,2018-07-05,탐정: 리턴즈,8.62
204,2018-07-05,태풍이 지나가고,8.61
205,2018-07-05,시카리오: 데이 오브 솔다도,8.57
206,2018-07-05,"색, 계",8.52
207,2018-07-05,팬텀 스레드,8.41
208,2018-07-05,최강전사 미니특공대 : 영웅의 탄생,8.41
209,2018-07-05,셰이프 오브 워터: 사랑의 모양,8.39
210,2018-07-05,쥬라기 월드: 폴른 킹덤,8.18
211,2018-07-05,나의 산티아고,8.13
212,2018-07-05,진주 귀걸이를 한 소녀,8.12
213,2018-07-05,변산,8.11
214,2018-07-05,마녀,8.1
215,2018-07-05,환상의 빛,8.01
216,2018-07-05,극장판 포켓몬스터DP - 디아루가 VS 펄기아 VS 다크라이,7.99
217,2018-07-05,파리로 가는 길,7.91
218,2018-07-05,오션스8,7.87
219,2018-07-05,세 번째 살인,7.79
220,2018-07-05,독전,7.73
221,2018-07-05,최강전사 미니특공대 : 새로운 악당의 습격,7.56
222,2018-07-05,콜 미 바이 유어 네임,7.51
223,2018-07-05,트루스 오어 데어,7.4
224,2018-07-05,유전,7.27
225,2018-07-05,여중생A,7.0
226,2018-07-05,버닝,6.67
227,2018-07-05,레이디버그,6.0
228,2018-07-06,아일라,9.56
229,2018-07-06,허스토리,9.5
230,2018-07-06,마지막 황제,9.23
231,2018-07-06,킹 오브 프리즘 프라이드 더 히어로,9.21
232,2018-07-06,사랑과 영혼,9.17
233,2018-07-06,바그다드 카페 : 디렉터스컷,9.01
234,2018-07-06,아이 필 프리티,9.01
235,2018-07-06,어벤져스: 인피니티 워,8.96
236,2018-07-06,개들의 섬,8.96
237,2018-07-06,피터 래빗,8.96
238,2018-07-06,미드나잇 선,8.9
239,2018-07-06,소공녀,8.86
240,2018-07-06,"스탠바이, 웬디",8.85
241,2018-07-06,그렇게 아버지가 된다,8.83
242,2018-07-06,아무도 모른다,8.83
243,2018-07-06,앤트맨과 와스프,8.78
244,2018-07-06,데드풀 2,8.76
245,2018-07-06,"부르고뉴, 와인에서 찾은 인생",8.75
246,2018-07-06,바닷마을 다이어리,8.74
247,2018-07-06,걸어도 걸어도,8.66
248,2018-07-06,진짜로 일어날지도 몰라 기적,8.64
249,2018-07-06,탐정: 리턴즈,8.62
250,2018-07-06,태풍이 지나가고,8.61
251,2018-07-06,시카리오: 데이 오브 솔다도,8.57
252,2018-07-06,"색, 계",8.52
253,2018-07-06,팬텀 스레드,8.42
254,2018-07-06,최강전사 미니특공대 : 영웅의 탄생,8.41
255,2018-07-06,셰이프 오브 워터: 사랑의 모양,8.39
256,2018-07-06,시카리오: 암살자의 도시,8.26
257,2018-07-06,쥬라기 월드: 폴른 킹덤,8.18
258,2018-07-06,제로 다크 서티,8.16
259,2018-07-06,나의 산티아고,8.13
260,2018-07-06,진주 귀걸이를 한 소녀,8.12
261,2018-07-06,마녀,8.11
262,2018-07-06,변산,8.09
263,2018-07-06,환상의 빛,8.01
264,2018-07-06,극장판 포켓몬스터DP - 디아루가 VS 펄기아 VS 다크라이,7.99
265,2018-07-06,파리로 가는 길,7.91
266,2018-07-06,오션스8,7.87
267,2018-07-06,세 번째 살인,7.79
268,2018-07-06,독전,7.72
269,2018-07-06,최강전사 미니특공대 : 새로운 악당의 습격,7.56
270,2018-07-06,콜 미 바이 유어 네임,7.51
271,2018-07-06,트루스 오어 데어,7.41
272,2018-07-06,유전,7.27
273,2018-07-06,여중생A,6.97
274,2018-07-06,버닝,6.67
275,2018-07-06,레이디버그,6.0
276,2018-07-06,게이트,3.75
277,2018-07-07,아일라,9.57
278,2018-07-07,허스토리,9.5
279,2018-07-07,마지막 황제,9.23
280,2018-07-07,킹 오브 프리즘 프라이드 더 히어로,9.21
281,2018-07-07,사랑과 영혼,9.17
282,2018-07-07,바그다드 카페 : 디렉터스컷,9.01
283,2018-07-07,아이 필 프리티,8.97
284,2018-07-07,어벤져스: 인피니티 워,8.96
285,2018-07-07,피터 래빗,8.96
286,2018-07-07,개들의 섬,8.95
287,2018-07-07,미드나잇 선,8.91
288,2018-07-07,소공녀,8.86
289,2018-07-07,그렇게 아버지가 된다,8.83
290,2018-07-07,아무도 모른다,8.83
291,2018-07-07,"스탠바이, 웬디",8.83
292,2018-07-07,앤트맨과 와스프,8.79
293,2018-07-07,데드풀 2,8.76
294,2018-07-07,"부르고뉴, 와인에서 찾은 인생",8.74
295,2018-07-07,바닷마을 다이어리,8.74
296,2018-07-07,걸어도 걸어도,8.65
297,2018-07-07,진짜로 일어날지도 몰라 기적,8.64
298,2018-07-07,탐정: 리턴즈,8.62
299,2018-07-07,태풍이 지나가고,8.61
300,2018-07-07,시카리오: 데이 오브 솔다도,8.58
301,2018-07-07,"색, 계",8.52
302,2018-07-07,팬텀 스레드,8.42
303,2018-07-07,최강전사 미니특공대 : 영웅의 탄생,8.41
304,2018-07-07,셰이프 오브 워터: 사랑의 모양,8.39
305,2018-07-07,시카리오: 암살자의 도시,8.26
306,2018-07-07,쥬라기 월드: 폴른 킹덤,8.18
307,2018-07-07,변산,8.18
308,2018-07-07,제로 다크 서티,8.16
309,2018-07-07,마녀,8.13
310,2018-07-07,나의 산티아고,8.13
311,2018-07-07,진주 귀걸이를 한 소녀,8.12
312,2018-07-07,환상의 빛,8.01
313,2018-07-07,극장판 포켓몬스터DP - 디아루가 VS 펄기아 VS 다크라이,7.99
314,2018-07-07,파리로 가는 길,7.91
315,2018-07-07,오션스8,7.87
316,2018-07-07,세 번째 살인,7.78
317,2018-07-07,독전,7.72
318,2018-07-07,최강전사 미니특공대 : 새로운 악당의 습격,7.56
319,2018-07-07,콜 미 바이 유어 네임,7.51
320,2018-07-07,트루스 오어 데어,7.4
321,2018-07-07,유전,7.27
322,2018-07-07,여중생A,6.93
323,2018-07-07,버닝,6.67
324,2018-07-07,레이디버그,6.0
325,2018-07-07,게이트,3.75
326,2018-07-08,아일라,9.58
327,2018-07-08,허스토리,9.5
328,2018-07-08,마지막 황제,9.23
329,2018-07-08,킹 오브 프리즘 프라이드 더 히어로,9.21
330,2018-07-08,사랑과 영혼,9.17
331,2018-07-08,바그다드 카페 : 디렉터스컷,9.01
332,2018-07-08,어벤져스: 인피니티 워,8.96
333,2018-07-08,아이 필 프리티,8.96
334,2018-07-08,피터 래빗,8.95
335,2018-07-08,미드나잇 선,8.92
336,2018-07-08,개들의 섬,8.91
337,2018-07-08,소공녀,8.87
338,2018-07-08,그렇게 아버지가 된다,8.83
339,2018-07-08,아무도 모른다,8.83
340,2018-07-08,"스탠바이, 웬디",8.83
341,2018-07-08,앤트맨과 와스프,8.79
342,2018-07-08,데드풀 2,8.76
343,2018-07-08,바닷마을 다이어리,8.74
344,2018-07-08,"부르고뉴, 와인에서 찾은 인생",8.74
345,2018-07-08,걸어도 걸어도,8.65
346,2018-07-08,진짜로 일어날지도 몰라 기적,8.64
347,2018-07-08,탐정: 리턴즈,8.62
348,2018-07-08,태풍이 지나가고,8.61
349,2018-07-08,시카리오: 데이 오브 솔다도,8.57
350,2018-07-08,"색, 계",8.52
351,2018-07-08,팬텀 스레드,8.42
352,2018-07-08,최강전사 미니특공대 : 영웅의 탄생,8.41
353,2018-07-08,셰이프 오브 워터: 사랑의 모양,8.39
354,2018-07-08,시카리오: 암살자의 도시,8.26
355,2018-07-08,쥬라기 월드: 폴른 킹덤,8.18
356,2018-07-08,변산,8.18
357,2018-07-08,제로 다크 서티,8.16
358,2018-07-08,마녀,8.15
359,2018-07-08,나의 산티아고,8.13
360,2018-07-08,진주 귀걸이를 한 소녀,8.12
361,2018-07-08,환상의 빛,8.01
362,2018-07-08,극장판 포켓몬스터DP - 디아루가 VS 펄기아 VS 다크라이,7.99
363,2018-07-08,파리로 가는 길,7.91
364,2018-07-08,오션스8,7.87
365,2018-07-08,세 번째 살인,7.78
366,2018-07-08,독전,7.71
367,2018-07-08,최강전사 미니특공대 : 새로운 악당의 습격,7.56
368,2018-07-08,콜 미 바이 유어 네임,7.51
369,2018-07-08,트루스 오어 데어,7.4
370,2018-07-08,유전,7.27
371,2018-07-08,여중생A,6.93
372,2018-07-08,버닝,6.67
373,2018-07-08,레이디버그,6.0
374,2018-07-08,게이트,3.75
375,2018-07-09,아일라,9.59
376,2018-07-09,허스토리,9.49
377,2018-07-09,마지막 황제,9.23
378,2018-07-09,킹 오브 프리즘 프라이드 더 히어로,9.21
379,2018-07-09,사랑과 영혼,9.17
380,2018-07-09,싸이코,9.14
381,2018-07-09,바그다드 카페 : 디렉터스컷,9.01
382,2018-07-09,어벤져스: 인피니티 워,8.96
383,2018-07-09,아이 필 프리티,8.95
384,2018-07-09,미드나잇 선,8.91
385,2018-07-09,개들의 섬,8.89
386,2018-07-09,소공녀,8.87
387,2018-07-09,그렇게 아버지가 된다,8.83
388,2018-07-09,아무도 모른다,8.83
389,2018-07-09,"스탠바이, 웬디",8.82
390,2018-07-09,앤트맨과 와스프,8.77
391,2018-07-09,데드풀 2,8.76
392,2018-07-09,바닷마을 다이어리,8.74
393,2018-07-09,걸어도 걸어도,8.64
394,2018-07-09,진짜로 일어날지도 몰라 기적,8.64
395,2018-07-09,탐정: 리턴즈,8.62
396,2018-07-09,태풍이 지나가고,8.6
397,2018-07-09,시카리오: 데이 오브 솔다도,8.58
398,2018-07-09,"색, 계",8.52
399,2018-07-09,최강전사 미니특공대 : 영웅의 탄생,8.41
400,2018-07-09,셰이프 오브 워터: 사랑의 모양,8.39
401,2018-07-09,시카리오: 암살자의 도시,8.26
402,2018-07-09,쥬라기 월드: 폴른 킹덤,8.18
403,2018-07-09,마녀,8.16
404,2018-07-09,제로 다크 서티,8.16
405,2018-07-09,변산,8.15
406,2018-07-09,나의 산티아고,8.13
407,2018-07-09,진주 귀걸이를 한 소녀,8.12
408,2018-07-09,환상의 빛,8.01
409,2018-07-09,극장판 포켓몬스터DP - 디아루가 VS 펄기아 VS 다크라이,7.98
410,2018-07-09,파리로 가는 길,7.91
411,2018-07-09,오션스8,7.86
412,2018-07-09,세 번째 살인,7.78
413,2018-07-09,독전,7.7
414,2018-07-09,최강전사 미니특공대 : 새로운 악당의 습격,7.56
415,2018-07-09,콜 미 바이 유어 네임,7.51
416,2018-07-09,유전,7.27
417,2018-07-09,여중생A,6.91
418,2018-07-09,버닝,6.66
419,2018-07-09,레이디버그,6.0
420,2018-07-09,게이트,3.75
421,2018-07-10,아일라,9.58
422,2018-07-10,허스토리,9.49
423,2018-07-10,사랑과 영혼,9.17
424,2018-07-10,싸이코,9.14
425,2018-07-10,바그다드 카페 : 디렉터스컷,9.02
426,2018-07-10,어벤져스: 인피니티 워,8.96
427,2018-07-10,아이 필 프리티,8.94
428,2018-07-10,미드나잇 선,8.9
429,2018-07-10,소공녀,8.87
430,2018-07-10,그렇게 아버지가 된다,8.83
431,2018-07-10,아무도 모른다,8.83
432,2018-07-10,개들의 섬,8.8
433,2018-07-10,데드풀 2,8.76
434,2018-07-10,앤트맨과 와스프,8.76
435,2018-07-10,바닷마을 다이어리,8.74
436,2018-07-10,"부르고뉴, 와인에서 찾은 인생",8.74
437,2018-07-10,걸어도 걸어도,8.64
438,2018-07-10,진짜로 일어날지도 몰라 기적,8.64
439,2018-07-10,탐정: 리턴즈,8.62
440,2018-07-10,태풍이 지나가고,8.6
441,2018-07-10,시카리오: 데이 오브 솔다도,8.57
442,2018-07-10,"색, 계",8.52
443,2018-07-10,최강전사 미니특공대 : 영웅의 탄생,8.41
444,2018-07-10,셰이프 오브 워터: 사랑의 모양,8.39
445,2018-07-10,여고괴담 두번째 이야기,8.3
446,2018-07-10,시카리오: 암살자의 도시,8.26
447,2018-07-10,쥬라기 월드: 폴른 킹덤,8.18
448,2018-07-10,마녀,8.17
449,2018-07-10,제로 다크 서티,8.16
450,2018-07-10,나의 산티아고,8.13
451,2018-07-10,진주 귀걸이를 한 소녀,8.12
452,2018-07-10,변산,8.06
453,2018-07-10,극장판 포켓몬스터DP - 디아루가 VS 펄기아 VS 다크라이,7.98
454,2018-07-10,파리로 가는 길,7.91
455,2018-07-10,오션스8,7.87
456,2018-07-10,세 번째 살인,7.78
457,2018-07-10,독전,7.7
458,2018-07-10,최강전사 미니특공대 : 새로운 악당의 습격,7.56
459,2018-07-10,콜 미 바이 유어 네임,7.51
460,2018-07-10,유전,7.27
461,2018-07-10,여중생A,6.89
462,2018-07-10,버닝,6.66
463,2018-07-10,경성학교: 사라진 소녀들,6.12
464,2018-07-10,레이디버그,6.0
465,2018-07-11,아일라,9.58
466,2018-07-11,허스토리,9.48
467,2018-07-11,사랑과 영혼,9.17
468,2018-07-11,싸이코,9.14
469,2018-07-11,바그다드 카페 : 디렉터스컷,9.02
470,2018-07-11,어벤져스: 인피니티 워,8.96
471,2018-07-11,아이 필 프리티,8.93
472,2018-07-11,미드나잇 선,8.91
473,2018-07-11,소공녀,8.87
474,2018-07-11,그렇게 아버지가 된다,8.83
475,2018-07-11,아무도 모른다,8.83
476,2018-07-11,개들의 섬,8.79
477,2018-07-11,데드풀 2,8.76
478,2018-07-11,앤트맨과 와스프,8.75
479,2018-07-11,바닷마을 다이어리,8.74
480,2018-07-11,"부르고뉴, 와인에서 찾은 인생",8.74
481,2018-07-11,걸어도 걸어도,8.64
482,2018-07-11,진짜로 일어날지도 몰라 기적,8.64
483,2018-07-11,탐정: 리턴즈,8.62
484,2018-07-11,태풍이 지나가고,8.6
485,2018-07-11,시카리오: 데이 오브 솔다도,8.57
486,2018-07-11,"색, 계",8.52
487,2018-07-11,최강전사 미니특공대 : 영웅의 탄생,8.41
488,2018-07-11,셰이프 오브 워터: 사랑의 모양,8.38
489,2018-07-11,스카이스크래퍼,8.35
490,2018-07-11,여고괴담 두번째 이야기,8.3
491,2018-07-11,시카리오: 암살자의 도시,8.26
492,2018-07-11,쥬라기 월드: 폴른 킹덤,8.18
493,2018-07-11,마녀,8.17
494,2018-07-11,제로 다크 서티,8.16
495,2018-07-11,나의 산티아고,8.13
496,2018-07-11,진주 귀걸이를 한 소녀,8.12
497,2018-07-11,극장판 포켓몬스터DP - 디아루가 VS 펄기아 VS 다크라이,7.99
498,2018-07-11,변산,7.97
499,2018-07-11,파리로 가는 길,7.91
500,2018-07-11,오션스8,7.86
501,2018-07-11,세 번째 살인,7.78
502,2018-07-11,독전,7.7
503,2018-07-11,최강전사 미니특공대 : 새로운 악당의 습격,7.56
504,2018-07-11,콜 미 바이 유어 네임,7.51
505,2018-07-11,유전,7.27
506,2018-07-11,여중생A,6.88
507,2018-07-11,버닝,6.66
508,2018-07-11,경성학교: 사라진 소녀들,6.12
509,2018-07-11,레이디버그,6.0
510,2018-07-12,아일라,9.58
511,2018-07-12,허스토리,9.48
512,2018-07-12,원더,9.41
513,2018-07-12,사랑과 영혼,9.17
514,2018-07-12,싸이코,9.15
515,2018-07-12,바그다드 카페 : 디렉터스컷,9.01
516,2018-07-12,어벤져스: 인피니티 워,8.96
517,2018-07-12,아이 필 프리티,8.91
518,2018-07-12,미드나잇 선,8.91
519,2018-07-12,소공녀,8.87
520,2018-07-12,그렇게 아버지가 된다,8.83
521,2018-07-12,아무도 모른다,8.83
522,2018-07-12,개들의 섬,8.79
523,2018-07-12,데드풀 2,8.76
524,2018-07-12,바닷마을 다이어리,8.74
525,2018-07-12,앤트맨과 와스프,8.74
526,2018-07-12,"부르고뉴, 와인에서 찾은 인생",8.74
527,2018-07-12,걸어도 걸어도,8.64
528,2018-07-12,진짜로 일어날지도 몰라 기적,8.64
529,2018-07-12,탐정: 리턴즈,8.62
530,2018-07-12,태풍이 지나가고,8.6
531,2018-07-12,시카리오: 데이 오브 솔다도,8.57
532,2018-07-12,최강전사 미니특공대 : 영웅의 탄생,8.41
533,2018-07-12,셰이프 오브 워터: 사랑의 모양,8.38
534,2018-07-12,여고괴담 두번째 이야기,8.3
535,2018-07-12,시카리오: 암살자의 도시,8.26
536,2018-07-12,스카이스크래퍼,8.19
537,2018-07-12,마녀,8.18
538,2018-07-12,쥬라기 월드: 폴른 킹덤,8.18
539,2018-07-12,제로 다크 서티,8.16
540,2018-07-12,나의 산티아고,8.13
541,2018-07-12,진주 귀걸이를 한 소녀,8.12
542,2018-07-12,변산,7.91
543,2018-07-12,파리로 가는 길,7.91
544,2018-07-12,오션스8,7.86
545,2018-07-12,세 번째 살인,7.78
546,2018-07-12,최강전사 미니특공대 : 새로운 악당의 습격,7.56
547,2018-07-12,콜 미 바이 유어 네임,7.51
548,2018-07-12,유전,7.27
549,2018-07-12,여중생A,6.88
550,2018-07-12,버닝,6.65
551,2018-07-12,경성학교: 사라진 소녀들,6.12
552,2018-07-12,레이디버그,6.0
553,2018-07-13,아일라,9.59
554,2018-07-13,당갈,9.58
555,2018-07-13,허스토리,9.48
556,2018-07-13,원더,9.41
557,2018-07-13,사랑과 영혼,9.17
558,2018-07-13,싸이코,9.15
559,2018-07-13,바그다드 카페 : 디렉터스컷,9.01
560,2018-07-13,어벤져스: 인피니티 워,8.96
561,2018-07-13,미드나잇 선,8.9
562,2018-07-13,아이 필 프리티,8.9
563,2018-07-13,마당을 나온 암탉,8.88
564,2018-07-13,소공녀,8.88
565,2018-07-13,그렇게 아버지가 된다,8.83
566,2018-07-13,아무도 모른다,8.83
567,2018-07-13,데드풀 2,8.76
568,2018-07-13,개들의 섬,8.76
569,2018-07-13,바닷마을 다이어리,8.74
570,2018-07-13,"부르고뉴, 와인에서 찾은 인생",8.73
571,2018-07-13,더 포스트,8.73
572,2018-07-13,앤트맨과 와스프,8.73
573,2018-07-13,걸어도 걸어도,8.64
574,2018-07-13,진짜로 일어날지도 몰라 기적,8.64
575,2018-07-13,탐정: 리턴즈,8.62
576,2018-07-13,태풍이 지나가고,8.6
577,2018-07-13,시카리오: 데이 오브 솔다도,8.57
578,2018-07-13,최강전사 미니특공대 : 영웅의 탄생,8.41
579,2018-07-13,여고괴담 두번째 이야기,8.3
580,2018-07-13,시카리오: 암살자의 도시,8.26
581,2018-07-13,마녀,8.18
582,2018-07-13,쥬라기 월드: 폴른 킹덤,8.18
583,2018-07-13,제로 다크 서티,8.16
584,2018-07-13,스카이스크래퍼,8.16
585,2018-07-13,나의 산티아고,8.13
586,2018-07-13,진주 귀걸이를 한 소녀,8.12
587,2018-07-13,변산,7.92
588,2018-07-13,파리로 가는 길,7.91
589,2018-07-13,오션스8,7.86
590,2018-07-13,세 번째 살인,7.78
591,2018-07-13,최강전사 미니특공대 : 새로운 악당의 습격,7.56
592,2018-07-13,콜 미 바이 유어 네임,7.51
593,2018-07-13,유전,7.27
594,2018-07-13,여중생A,6.88
595,2018-07-13,"안녕, 나의 소녀",6.72
596,2018-07-13,버닝,6.65
597,2018-07-13,나라타주,6.48
598,2018-07-13,속닥속닥,6.19
599,2018-07-13,경성학교: 사라진 소녀들,6.12
600,2018-07-13,레이디버그,6.0
601,2018-07-14,아일라,9.59
602,2018-07-14,당갈,9.57
603,2018-07-14,허스토리,9.47
604,2018-07-14,원더,9.41
605,2018-07-14,사랑과 영혼,9.17
606,2018-07-14,싸이코,9.15
607,2018-07-14,바그다드 카페 : 디렉터스컷,9.01
608,2018-07-14,어벤져스: 인피니티 워,8.96
609,2018-07-14,미드나잇 선,8.9
610,2018-07-14,아이 필 프리티,8.89
611,2018-07-14,마당을 나온 암탉,8.88
612,2018-07-14,소공녀,8.88
613,2018-07-14,그렇게 아버지가 된다,8.83
614,2018-07-14,아무도 모른다,8.83
615,2018-07-14,데드풀 2,8.76
616,2018-07-14,개들의 섬,8.75
617,2018-07-14,바닷마을 다이어리,8.74
618,2018-07-14,"부르고뉴, 와인에서 찾은 인생",8.74
619,2018-07-14,더 포스트,8.73
620,2018-07-14,앤트맨과 와스프,8.72
621,2018-07-14,걸어도 걸어도,8.64
622,2018-07-14,진짜로 일어날지도 몰라 기적,8.64
623,2018-07-14,탐정: 리턴즈,8.63
624,2018-07-14,태풍이 지나가고,8.6
625,2018-07-14,시카리오: 데이 오브 솔다도,8.57
626,2018-07-14,최강전사 미니특공대 : 영웅의 탄생,8.41
627,2018-07-14,여고괴담 두번째 이야기,8.3
628,2018-07-14,시카리오: 암살자의 도시,8.26
629,2018-07-14,마녀,8.19
630,2018-07-14,쥬라기 월드: 폴른 킹덤,8.18
631,2018-07-14,제로 다크 서티,8.16
632,2018-07-14,나의 산티아고,8.13
633,2018-07-14,스카이스크래퍼,8.1
634,2018-07-14,변산,7.94
635,2018-07-14,파리로 가는 길,7.91
636,2018-07-14,오션스8,7.86
637,2018-07-14,세 번째 살인,7.78
638,2018-07-14,최강전사 미니특공대 : 새로운 악당의 습격,7.56
639,2018-07-14,콜 미 바이 유어 네임,7.52
640,2018-07-14,유전,7.28
641,2018-07-14,여중생A,6.87
642,2018-07-14,"안녕, 나의 소녀",6.72
643,2018-07-14,버닝,6.65
644,2018-07-14,나라타주,6.48
645,2018-07-14,속닥속닥,6.16
646,2018-07-14,경성학교: 사라진 소녀들,6.12
647,2018-07-14,레이디버그,6.0
648,2018-07-15,아일라,9.59
649,2018-07-15,당갈,9.57
650,2018-07-15,허스토리,9.47
651,2018-07-15,사랑과 영혼,9.17
652,2018-07-15,싸이코,9.15
653,2018-07-15,다키스트 아워,9.13
654,2018-07-15,어벤져스: 인피니티 워,8.96
655,2018-07-15,미드나잇 선,8.9
656,2018-07-15,아이 필 프리티,8.88
657,2018-07-15,마당을 나온 암탉,8.88
658,2018-07-15,소공녀,8.88
659,2018-07-15,그렇게 아버지가 된다,8.83
660,2018-07-15,아무도 모른다,8.83
661,2018-07-15,데드풀 2,8.76
662,2018-07-15,바닷마을 다이어리,8.74
663,2018-07-15,"부르고뉴, 와인에서 찾은 인생",8.73
664,2018-07-15,더 포스트,8.73
665,2018-07-15,개들의 섬,8.73
666,2018-07-15,앤트맨과 와스프,8.72
667,2018-07-15,걸어도 걸어도,8.64
668,2018-07-15,진짜로 일어날지도 몰라 기적,8.64
669,2018-07-15,탐정: 리턴즈,8.63
670,2018-07-15,태풍이 지나가고,8.6
671,2018-07-15,시카리오: 데이 오브 솔다도,8.57
672,2018-07-15,최강전사 미니특공대 : 영웅의 탄생,8.41
673,2018-07-15,여고괴담 두번째 이야기,8.3
674,2018-07-15,시카리오: 암살자의 도시,8.26
675,2018-07-15,마녀,8.21
676,2018-07-15,스카이스크래퍼,8.2
677,2018-07-15,쥬라기 월드: 폴른 킹덤,8.18
678,2018-07-15,제로 다크 서티,8.16
679,2018-07-15,나의 산티아고,8.13
680,2018-07-15,변산,7.96
681,2018-07-15,파리로 가는 길,7.91
682,2018-07-15,오션스8,7.86
683,2018-07-15,세 번째 살인,7.78
684,2018-07-15,최강전사 미니특공대 : 새로운 악당의 습격,7.56
685,2018-07-15,유전,7.28
686,2018-07-15,여중생A,6.85
687,2018-07-15,"안녕, 나의 소녀",6.72
688,2018-07-15,버닝,6.65
689,2018-07-15,나라타주,6.48
690,2018-07-15,속닥속닥,6.28
691,2018-07-15,경성학교: 사라진 소녀들,6.12
692,2018-07-15,레이디버그,6.0
693,2018-07-16,아일라,9.6
694,2018-07-16,당갈,9.57
695,2018-07-16,허스토리,9.48
696,2018-07-16,죽은 시인의 사회,9.38
697,2018-07-16,사랑과 영혼,9.17
698,2018-07-16,싸이코,9.15
699,2018-07-16,어벤져스: 인피니티 워,8.97
700,2018-07-16,미드나잇 선,8.9
701,2018-07-16,마당을 나온 암탉,8.88
702,2018-07-16,소공녀,8.88
703,2018-07-16,아이 필 프리티,8.87
704,2018-07-16,그렇게 아버지가 된다,8.83
705,2018-07-16,아무도 모른다,8.83
706,2018-07-16,데드풀 2,8.76
707,2018-07-16,바닷마을 다이어리,8.74
708,2018-07-16,"부르고뉴, 와인에서 찾은 인생",8.73
709,2018-07-16,더 포스트,8.73
710,2018-07-16,개들의 섬,8.72
711,2018-07-16,앤트맨과 와스프,8.71
712,2018-07-16,걸어도 걸어도,8.64
713,2018-07-16,진짜로 일어날지도 몰라 기적,8.64
714,2018-07-16,탐정: 리턴즈,8.62
715,2018-07-16,태풍이 지나가고,8.6
716,2018-07-16,시카리오: 데이 오브 솔다도,8.58
717,2018-07-16,최강전사 미니특공대 : 영웅의 탄생,8.41
718,2018-07-16,여고괴담 두번째 이야기,8.3
719,2018-07-16,시카리오: 암살자의 도시,8.26
720,2018-07-16,스카이스크래퍼,8.25
721,2018-07-16,마녀,8.2
722,2018-07-16,쥬라기 월드: 폴른 킹덤,8.18
723,2018-07-16,제로 다크 서티,8.16
724,2018-07-16,나의 산티아고,8.13
725,2018-07-16,극장판 포켓몬스터DP - 디아루가 VS 펄기아 VS 다크라이,7.99
726,2018-07-16,변산,7.96
727,2018-07-16,파리로 가는 길,7.91
728,2018-07-16,오션스8,7.86
729,2018-07-16,세 번째 살인,7.78
730,2018-07-16,최강전사 미니특공대 : 새로운 악당의 습격,7.56
731,2018-07-16,유전,7.28
732,2018-07-16,여중생A,6.83
733,2018-07-16,"안녕, 나의 소녀",6.72
734,2018-07-16,버닝,6.65
735,2018-07-16,나라타주,6.48
736,2018-07-16,경성학교: 사라진 소녀들,6.12
737,2018-07-16,속닥속닥,6.11
738,2018-07-16,레이디버그,6.0
739,2018-07-17,아일라,9.57
740,2018-07-17,당갈,9.57
741,2018-07-17,허스토리,9.47
742,2018-07-17,죽은 시인의 사회,9.38
743,2018-07-17,사랑과 영혼,9.17
744,2018-07-17,어벤져스: 인피니티 워,8.97
745,2018-07-17,미드나잇 선,8.89
746,2018-07-17,마당을 나온 암탉,8.88
747,2018-07-17,소공녀,8.88
748,2018-07-17,아이 필 프리티,8.86
749,2018-07-17,그렇게 아버지가 된다,8.83
750,2018-07-17,아무도 모른다,8.83
751,2018-07-17,바닷마을 다이어리,8.74
752,2018-07-17,"부르고뉴, 와인에서 찾은 인생",8.73
753,2018-07-17,더 포스트,8.73
754,2018-07-17,개들의 섬,8.72
755,2018-07-17,앤트맨과 와스프,8.7
756,2018-07-17,걸어도 걸어도,8.64
757,2018-07-17,탐정: 리턴즈,8.62
758,2018-07-17,태풍이 지나가고,8.6
759,2018-07-17,시카리오: 데이 오브 솔다도,8.56
760,2018-07-17,"오늘 밤, 로맨스 극장에서",8.52
761,2018-07-17,최강전사 미니특공대 : 영웅의 탄생,8.41
762,2018-07-17,여고괴담 두번째 이야기,8.3
763,2018-07-17,시카리오: 암살자의 도시,8.26
764,2018-07-17,스카이스크래퍼,8.24
765,2018-07-17,마녀,8.21
766,2018-07-17,쥬라기 월드: 폴른 킹덤,8.17
767,2018-07-17,나의 산티아고,8.13
768,2018-07-17,변산,7.98
769,2018-07-17,파리로 가는 길,7.91
770,2018-07-17,오션스8,7.86
771,2018-07-17,세 번째 살인,7.78
772,2018-07-17,최강전사 미니특공대 : 새로운 악당의 습격,7.56
773,2018-07-17,유전,7.28
774,2018-07-17,여중생A,6.82
775,2018-07-17,"안녕, 나의 소녀",6.69
776,2018-07-17,버닝,6.65
777,2018-07-17,나라타주,6.48
778,2018-07-17,경성학교: 사라진 소녀들,6.12
779,2018-07-17,레이디버그,6.0
780,2018-07-17,속닥속닥,5.94
781,2018-07-18,아일라,9.58
782,2018-07-18,당갈,9.57
783,2018-07-18,허스토리,9.47
784,2018-07-18,벤허,9.22
785,2018-07-18,인크레더블 2,9.19
786,2018-07-18,사랑과 영혼,9.17
787,2018-07-18,어벤져스: 인피니티 워,8.97
788,2018-07-18,미드나잇 선,8.89
789,2018-07-18,마당을 나온 암탉,8.88
790,2018-07-18,소공녀,8.88
791,2018-07-18,아이 필 프리티,8.85
792,2018-07-18,아무도 모른다,8.83
793,2018-07-18,그렇게 아버지가 된다,8.83
794,2018-07-18,바닷마을 다이어리,8.74
795,2018-07-18,"부르고뉴, 와인에서 찾은 인생",8.73
796,2018-07-18,더 포스트,8.73
797,2018-07-18,개들의 섬,8.71
798,2018-07-18,앤트맨과 와스프,8.69
799,2018-07-18,걸어도 걸어도,8.65
800,2018-07-18,탐정: 리턴즈,8.61
801,2018-07-18,태풍이 지나가고,8.6
802,2018-07-18,시카리오: 데이 오브 솔다도,8.55
803,2018-07-18,"오늘 밤, 로맨스 극장에서",8.54
804,2018-07-18,여고괴담 두번째 이야기,8.3
805,2018-07-18,시카리오: 암살자의 도시,8.26
806,2018-07-18,스카이스크래퍼,8.24
807,2018-07-18,마녀,8.21
808,2018-07-18,쥬라기 월드: 폴른 킹덤,8.17
809,2018-07-18,나의 산티아고,8.13
810,2018-07-18,변산,7.98
811,2018-07-18,파리로 가는 길,7.91
812,2018-07-18,오션스8,7.86
813,2018-07-18,세 번째 살인,7.79
814,2018-07-18,독전,7.67
815,2018-07-18,유전,7.28
816,2018-07-18,"안녕, 나의 소녀",6.69
817,2018-07-18,버닝,6.65
818,2018-07-18,나라타주,6.48
819,2018-07-18,경성학교: 사라진 소녀들,6.12
820,2018-07-18,속닥속닥,5.85
821,2018-07-19,당갈,9.56
822,2018-07-19,아일라,9.55
823,2018-07-19,허스토리,9.48
824,2018-07-19,덕구,9.48
825,2018-07-19,레옹,9.37
826,2018-07-19,벤허,9.22
827,2018-07-19,사랑과 영혼,9.17
828,2018-07-19,인크레더블 2,9.16
829,2018-07-19,어벤져스: 인피니티 워,8.97
830,2018-07-19,미드나잇 선,8.9
831,2018-07-19,마당을 나온 암탉,8.88
832,2018-07-19,소공녀,8.88
833,2018-07-19,아이 필 프리티,8.86
834,2018-07-19,아무도 모른다,8.83
835,2018-07-19,그렇게 아버지가 된다,8.83
836,2018-07-19,바닷마을 다이어리,8.74
837,2018-07-19,리틀 포레스트,8.74
838,2018-07-19,"부르고뉴, 와인에서 찾은 인생",8.73
839,2018-07-19,더 포스트,8.73
840,2018-07-19,개들의 섬,8.71
841,2018-07-19,앤트맨과 와스프,8.69
842,2018-07-19,블레이드 2,8.68
843,2018-07-19,걸어도 걸어도,8.65
844,2018-07-19,태풍이 지나가고,8.6
845,2018-07-19,탐정: 리턴즈,8.58
846,2018-07-19,시카리오: 데이 오브 솔다도,8.54
847,2018-07-19,"오늘 밤, 로맨스 극장에서",8.51
848,2018-07-19,여고괴담 두번째 이야기,8.3
849,2018-07-19,시카리오: 암살자의 도시,8.26
850,2018-07-19,스카이스크래퍼,8.22
851,2018-07-19,판의 미로 - 오필리아와 세 개의 열쇠,8.21
852,2018-07-19,마녀,8.2
853,2018-07-19,쥬라기 월드: 폴른 킹덤,8.17
854,2018-07-19,제로 다크 서티,8.16
855,2018-07-19,나의 산티아고,8.13
856,2018-07-19,변산,7.97
857,2018-07-19,파리로 가는 길,7.91
858,2018-07-19,오션스8,7.86
859,2018-07-19,세 번째 살인,7.79
860,2018-07-19,독전,7.66
861,2018-07-19,유전,7.28
862,2018-07-19,"안녕, 나의 소녀",6.69
863,2018-07-19,버닝,6.65
864,2018-07-19,나라타주,6.48
865,2018-07-19,경성학교: 사라진 소녀들,6.12
866,2018-07-19,속닥속닥,5.8
867,2018-07-20,당갈,9.56
868,2018-07-20,아일라,9.55
869,2018-07-20,허스토리,9.48
870,2018-07-20,덕구,9.48
871,2018-07-20,레옹,9.37
872,2018-07-20,벤허,9.22
873,2018-07-20,인크레더블 2,9.19
874,2018-07-20,사랑과 영혼,9.17
875,2018-07-20,어벤져스: 인피니티 워,8.96
876,2018-07-20,미드나잇 선,8.89
877,2018-07-20,마당을 나온 암탉,8.88
878,2018-07-20,소공녀,8.88
879,2018-07-20,아이 필 프리티,8.85
880,2018-07-20,"스탠바이, 웬디",8.84
881,2018-07-20,아무도 모른다,8.83
882,2018-07-20,그렇게 아버지가 된다,8.83
883,2018-07-20,바닷마을 다이어리,8.74
884,2018-07-20,리틀 포레스트,8.74
885,2018-07-20,더 포스트,8.73
886,2018-07-20,"부르고뉴, 와인에서 찾은 인생",8.71
887,2018-07-20,개들의 섬,8.7
888,2018-07-20,블레이드 2,8.68
889,2018-07-20,앤트맨과 와스프,8.68
890,2018-07-20,걸어도 걸어도,8.65
891,2018-07-20,태풍이 지나가고,8.6
892,2018-07-20,탐정: 리턴즈,8.56
893,2018-07-20,시카리오: 데이 오브 솔다도,8.54
894,2018-07-20,"오늘 밤, 로맨스 극장에서",8.51
895,2018-07-20,여고괴담 두번째 이야기,8.3
896,2018-07-20,시카리오: 암살자의 도시,8.26
897,2018-07-20,스카이스크래퍼,8.21
898,2018-07-20,판의 미로 - 오필리아와 세 개의 열쇠,8.21
899,2018-07-20,마녀,8.2
900,2018-07-20,쥬라기 월드: 폴른 킹덤,8.17
901,2018-07-20,제로 다크 서티,8.16
902,2018-07-20,나의 산티아고,8.13
903,2018-07-20,변산,7.95
904,2018-07-20,파리로 가는 길,7.91
905,2018-07-20,오션스8,7.85
906,2018-07-20,세 번째 살인,7.79
907,2018-07-20,독전,7.66
908,2018-07-20,호텔 아르테미스,7.37
909,2018-07-20,유전,7.28
910,2018-07-20,"안녕, 나의 소녀",6.7
911,2018-07-20,버닝,6.65
912,2018-07-20,나라타주,6.48
913,2018-07-20,경성학교: 사라진 소녀들,6.12
914,2018-07-20,속닥속닥,5.79
915,2018-07-21,당갈,9.56
916,2018-07-21,아일라,9.55
917,2018-07-21,허스토리,9.46
918,2018-07-21,레옹,9.37
919,2018-07-21,인크레더블 2,9.23
920,2018-07-21,벤허,9.22
921,2018-07-21,사랑과 영혼,9.17
922,2018-07-21,어벤져스: 인피니티 워,8.97
923,2018-07-21,미드나잇 선,8.9
924,2018-07-21,마당을 나온 암탉,8.88
925,2018-07-21,소공녀,8.88
926,2018-07-21,"스탠바이, 웬디",8.85
927,2018-07-21,아이 필 프리티,8.84
928,2018-07-21,아무도 모른다,8.83
929,2018-07-21,그렇게 아버지가 된다,8.83
930,2018-07-21,바닷마을 다이어리,8.74
931,2018-07-21,리틀 포레스트,8.74
932,2018-07-21,"부르고뉴, 와인에서 찾은 인생",8.72
933,2018-07-21,개들의 섬,8.69
934,2018-07-21,블레이드 2,8.68
935,2018-07-21,앤트맨과 와스프,8.68
936,2018-07-21,걸어도 걸어도,8.65
937,2018-07-21,태풍이 지나가고,8.6
938,2018-07-21,족구왕,8.55
939,2018-07-21,탐정: 리턴즈,8.55
940,2018-07-21,시카리오: 데이 오브 솔다도,8.54
941,2018-07-21,"오늘 밤, 로맨스 극장에서",8.49
942,2018-07-21,여고괴담 두번째 이야기,8.3
943,2018-07-21,시카리오: 암살자의 도시,8.26
944,2018-07-21,스카이스크래퍼,8.21
945,2018-07-21,판의 미로 - 오필리아와 세 개의 열쇠,8.21
946,2018-07-21,마녀,8.2
947,2018-07-21,쥬라기 월드: 폴른 킹덤,8.17
948,2018-07-21,제로 다크 서티,8.16
949,2018-07-21,나의 산티아고,8.13
950,2018-07-21,변산,7.96
951,2018-07-21,파리로 가는 길,7.9
952,2018-07-21,오션스8,7.83
953,2018-07-21,세 번째 살인,7.79
954,2018-07-21,독전,7.65
955,2018-07-21,호텔 아르테미스,7.25
956,2018-07-21,"안녕, 나의 소녀",6.7
957,2018-07-21,버닝,6.65
958,2018-07-21,나라타주,6.48
959,2018-07-21,경성학교: 사라진 소녀들,6.12
960,2018-07-21,속닥속닥,5.77
961,2018-07-22,아일라,9.56
962,2018-07-22,당갈,9.55
963,2018-07-22,허스토리,9.46
964,2018-07-22,레옹,9.37
965,2018-07-22,인크레더블 2,9.24
966,2018-07-22,벤허,9.22
967,2018-07-22,사랑과 영혼,9.17
968,2018-07-22,어벤져스: 인피니티 워,8.97
969,2018-07-22,미드나잇 선,8.9
970,2018-07-22,소공녀,8.88
971,2018-07-22,마당을 나온 암탉,8.88
972,2018-07-22,아이 필 프리티,8.85
973,2018-07-22,아무도 모른다,8.83
974,2018-07-22,그렇게 아버지가 된다,8.83
975,2018-07-22,바닷마을 다이어리,8.74
976,2018-07-22,리틀 포레스트,8.74
977,2018-07-22,"부르고뉴, 와인에서 찾은 인생",8.72
978,2018-07-22,블레이드 2,8.68
979,2018-07-22,앤트맨과 와스프,8.68
980,2018-07-22,개들의 섬,8.66
981,2018-07-22,걸어도 걸어도,8.65
982,2018-07-22,태풍이 지나가고,8.6
983,2018-07-22,족구왕,8.55
984,2018-07-22,시카리오: 데이 오브 솔다도,8.54
985,2018-07-22,탐정: 리턴즈,8.53
986,2018-07-22,"오늘 밤, 로맨스 극장에서",8.5
987,2018-07-22,여고괴담 두번째 이야기,8.3
988,2018-07-22,시카리오: 암살자의 도시,8.26
989,2018-07-22,마녀,8.21
990,2018-07-22,판의 미로 - 오필리아와 세 개의 열쇠,8.21
991,2018-07-22,스카이스크래퍼,8.21
992,2018-07-22,쥬라기 월드: 폴른 킹덤,8.17
993,2018-07-22,제로 다크 서티,8.16
994,2018-07-22,나의 산티아고,8.13
995,2018-07-22,변산,7.97
996,2018-07-22,파리로 가는 길,7.9
997,2018-07-22,오션스8,7.83
998,2018-07-22,세 번째 살인,7.78
999,2018-07-22,독전,7.64
1000,2018-07-22,호텔 아르테미스,7.22
1001,2018-07-22,"안녕, 나의 소녀",6.7
1002,2018-07-22,버닝,6.65
1003,2018-07-22,나라타주,6.48
1004,2018-07-22,경성학교: 사라진 소녀들,6.12
1005,2018-07-22,속닥속닥,5.74
1006,2018-07-23,아일라,9.56
1007,2018-07-23,당갈,9.55
1008,2018-07-23,허스토리,9.46
1009,2018-07-23,레옹,9.37
1010,2018-07-23,인크레더블 2,9.25
1011,2018-07-23,벤허,9.22
1012,2018-07-23,사랑과 영혼,9.17
1013,2018-07-23,레이,9.03
1014,2018-07-23,어벤져스: 인피니티 워,8.97
1015,2018-07-23,미드나잇 선,8.9
1016,2018-07-23,소공녀,8.88
1017,2018-07-23,마당을 나온 암탉,8.88
1018,2018-07-23,아이 필 프리티,8.84
1019,2018-07-23,그렇게 아버지가 된다,8.83
1020,2018-07-23,아무도 모른다,8.83
1021,2018-07-23,리틀 포레스트,8.74
1022,2018-07-23,바닷마을 다이어리,8.74
1023,2018-07-23,"부르고뉴, 와인에서 찾은 인생",8.72
1024,2018-07-23,블레이드 2,8.68
1025,2018-07-23,앤트맨과 와스프,8.68
1026,2018-07-23,걸어도 걸어도,8.65
1027,2018-07-23,개들의 섬,8.65
1028,2018-07-23,진짜로 일어날지도 몰라 기적,8.64
1029,2018-07-23,태풍이 지나가고,8.6
1030,2018-07-23,족구왕,8.55
1031,2018-07-23,시카리오: 데이 오브 솔다도,8.53
1032,2018-07-23,탐정: 리턴즈,8.52
1033,2018-07-23,"오늘 밤, 로맨스 극장에서",8.52
1034,2018-07-23,여고괴담 두번째 이야기,8.3
1035,2018-07-23,시카리오: 암살자의 도시,8.26
1036,2018-07-23,판의 미로 - 오필리아와 세 개의 열쇠,8.21
1037,2018-07-23,마녀,8.2
1038,2018-07-23,스카이스크래퍼,8.2
1039,2018-07-23,쥬라기 월드: 폴른 킹덤,8.17
1040,2018-07-23,제로 다크 서티,8.16
1041,2018-07-23,나의 산티아고,8.13
1042,2018-07-23,환상의 빛,8.01
1043,2018-07-23,변산,7.98
1044,2018-07-23,파리로 가는 길,7.91
1045,2018-07-23,오션스8,7.83
1046,2018-07-23,세 번째 살인,7.78
1047,2018-07-23,독전,7.64
1048,2018-07-23,호텔 아르테미스,7.18
1049,2018-07-23,"안녕, 나의 소녀",6.7
1050,2018-07-23,버닝,6.65
1051,2018-07-23,나라타주,6.48
1052,2018-07-23,경성학교: 사라진 소녀들,6.12
1053,2018-07-23,속닥속닥,5.65
1054,2018-07-24,아일라,9.56
1055,2018-07-24,당갈,9.55
1056,2018-07-24,허스토리,9.44
1057,2018-07-24,레옹,9.37
1058,2018-07-24,인크레더블 2,9.25
1059,2018-07-24,벤허,9.22
1060,2018-07-24,사랑과 영혼,9.17
1061,2018-07-24,레이,9.03
1062,2018-07-24,어벤져스: 인피니티 워,8.97
1063,2018-07-24,미드나잇 선,8.9
1064,2018-07-24,소공녀,8.88
1065,2018-07-24,마당을 나온 암탉,8.88
1066,2018-07-24,아이 필 프리티,8.83
1067,2018-07-24,그렇게 아버지가 된다,8.83
1068,2018-07-24,아무도 모른다,8.83
1069,2018-07-24,리틀 포레스트,8.74
1070,2018-07-24,바닷마을 다이어리,8.74
1071,2018-07-24,"부르고뉴, 와인에서 찾은 인생",8.72
1072,2018-07-24,블레이드 2,8.68
1073,2018-07-24,앤트맨과 와스프,8.68
1074,2018-07-24,걸어도 걸어도,8.65
1075,2018-07-24,개들의 섬,8.64
1076,2018-07-24,진짜로 일어날지도 몰라 기적,8.64
1077,2018-07-24,태풍이 지나가고,8.6
1078,2018-07-24,족구왕,8.55
1079,2018-07-24,시카리오: 데이 오브 솔다도,8.53
1080,2018-07-24,탐정: 리턴즈,8.52
1081,2018-07-24,"오늘 밤, 로맨스 극장에서",8.51
1082,2018-07-24,이별의 아침에 약속의 꽃을 장식하자,8.43
1083,2018-07-24,여고괴담 두번째 이야기,8.3
1084,2018-07-24,시카리오: 암살자의 도시,8.26
1085,2018-07-24,판의 미로 - 오필리아와 세 개의 열쇠,8.21
1086,2018-07-24,마녀,8.2
1087,2018-07-24,스카이스크래퍼,8.2
1088,2018-07-24,쥬라기 월드: 폴른 킹덤,8.17
1089,2018-07-24,제로 다크 서티,8.16
1090,2018-07-24,나의 산티아고,8.13
1091,2018-07-24,환상의 빛,8.01
1092,2018-07-24,변산,7.99
1093,2018-07-24,오션스8,7.83
1094,2018-07-24,세 번째 살인,7.78
1095,2018-07-24,독전,7.63
1096,2018-07-24,호텔 아르테미스,7.07
1097,2018-07-24,"안녕, 나의 소녀",6.67
1098,2018-07-24,버닝,6.64
1099,2018-07-24,나라타주,6.48
1100,2018-07-24,경성학교: 사라진 소녀들,6.12
1101,2018-07-24,속닥속닥,5.52
1102,2018-07-25,당갈,9.55
1103,2018-07-25,아일라,9.55
1104,2018-07-25,허스토리,9.43
1105,2018-07-25,레옹,9.37
1106,2018-07-25,인크레더블 2,9.26
1107,2018-07-25,미션 임파서블: 폴아웃,9.22
1108,2018-07-25,벤허,9.22
1109,2018-07-25,사랑과 영혼,9.17
1110,2018-07-25,레이,9.03
1111,2018-07-25,어벤져스: 인피니티 워,8.97
1112,2018-07-25,미드나잇 선,8.88
1113,2018-07-25,소공녀,8.88
1114,2018-07-25,그렇게 아버지가 된다,8.83
1115,2018-07-25,아무도 모른다,8.83
1116,2018-07-25,아이 필 프리티,8.83
1117,2018-07-25,리틀 포레스트,8.74
1118,2018-07-25,바닷마을 다이어리,8.74
1119,2018-07-25,"부르고뉴, 와인에서 찾은 인생",8.72
1120,2018-07-25,블레이드 2,8.68
1121,2018-07-25,앤트맨과 와스프,8.68
1122,2018-07-25,걸어도 걸어도,8.65
1123,2018-07-25,진짜로 일어날지도 몰라 기적,8.64
1124,2018-07-25,개들의 섬,8.63
1125,2018-07-25,태풍이 지나가고,8.6
1126,2018-07-25,족구왕,8.55
1127,2018-07-25,시카리오: 데이 오브 솔다도,8.53
1128,2018-07-25,탐정: 리턴즈,8.51
1129,2018-07-25,"오늘 밤, 로맨스 극장에서",8.5
1130,2018-07-25,이별의 아침에 약속의 꽃을 장식하자,8.42
1131,2018-07-25,여고괴담 두번째 이야기,8.3
1132,2018-07-25,시카리오: 암살자의 도시,8.26
1133,2018-07-25,마녀,8.21
1134,2018-07-25,판의 미로 - 오필리아와 세 개의 열쇠,8.21
1135,2018-07-25,스카이스크래퍼,8.19
1136,2018-07-25,쥬라기 월드: 폴른 킹덤,8.16
1137,2018-07-25,나의 산티아고,8.13
1138,2018-07-25,환상의 빛,8.01
1139,2018-07-25,변산,7.99
1140,2018-07-25,파리로 가는 길,7.9
1141,2018-07-25,세 번째 살인,7.78
1142,2018-07-25,독전,7.63
1143,2018-07-25,호텔 아르테미스,7.01
1144,2018-07-25,"안녕, 나의 소녀",6.67
1145,2018-07-25,버닝,6.64
1146,2018-07-25,나라타주,6.48
1147,2018-07-25,경성학교: 사라진 소녀들,6.12
1148,2018-07-25,속닥속닥,5.46
1149,2018-07-25,인랑,4.98
1150,2018-07-26,당갈,9.56
1151,2018-07-26,아일라,9.55
1152,2018-07-26,허스토리,9.43
1153,2018-07-26,원더,9.41
1154,2018-07-26,레옹,9.37
1155,2018-07-26,인크레더블 2,9.25
1156,2018-07-26,미션 임파서블: 폴아웃,9.23
1157,2018-07-26,벤허,9.22
1158,2018-07-26,사랑과 영혼,9.17
1159,2018-07-26,어벤져스: 인피니티 워,8.97
1160,2018-07-26,미드나잇 선,8.89
1161,2018-07-26,소공녀,8.88
1162,2018-07-26,아무도 모른다,8.83
1163,2018-07-26,그렇게 아버지가 된다,8.83
1164,2018-07-26,아이 필 프리티,8.83
1165,2018-07-26,리틀 포레스트,8.74
1166,2018-07-26,바닷마을 다이어리,8.74
1167,2018-07-26,"부르고뉴, 와인에서 찾은 인생",8.71
1168,2018-07-26,블레이드 2,8.69
1169,2018-07-26,앤트맨과 와스프,8.68
1170,2018-07-26,걸어도 걸어도,8.65
1171,2018-07-26,진짜로 일어날지도 몰라 기적,8.64
1172,2018-07-26,개들의 섬,8.63
1173,2018-07-26,태풍이 지나가고,8.6
1174,2018-07-26,시카리오: 데이 오브 솔다도,8.53
1175,2018-07-26,"오늘 밤, 로맨스 극장에서",8.51
1176,2018-07-26,탐정: 리턴즈,8.5
1177,2018-07-26,이별의 아침에 약속의 꽃을 장식하자,8.41
1178,2018-07-26,여고괴담 두번째 이야기,8.3
1179,2018-07-26,시카리오: 암살자의 도시,8.26
1180,2018-07-26,마녀,8.21
1181,2018-07-26,판의 미로 - 오필리아와 세 개의 열쇠,8.21
1182,2018-07-26,스카이스크래퍼,8.19
1183,2018-07-26,쥬라기 월드: 폴른 킹덤,8.16
1184,2018-07-26,나의 산티아고,8.13
1185,2018-07-26,환상의 빛,8.01
1186,2018-07-26,변산,7.99
1187,2018-07-26,아이 엠 러브,7.92
1188,2018-07-26,파리로 가는 길,7.9
1189,2018-07-26,세 번째 살인,7.78
1190,2018-07-26,독전,7.63
1191,2018-07-26,킬링 디어,7.24
1192,2018-07-26,호텔 아르테미스,6.97
1193,2018-07-26,"안녕, 나의 소녀",6.67
1194,2018-07-26,버닝,6.64
1195,2018-07-26,나라타주,6.48
1196,2018-07-26,경성학교: 사라진 소녀들,6.12
1197,2018-07-26,속닥속닥,5.41
1198,2018-07-26,인랑,4.34
1199,2018-07-26,게이트,3.74
1200,2018-07-27,아일라,9.56
1201,2018-07-27,당갈,9.56
1202,2018-07-27,허스토리,9.42
1203,2018-07-27,원더,9.41
1204,2018-07-27,레옹,9.37
1205,2018-07-27,동주,9.35
1206,2018-07-27,피아니스트,9.3
1207,2018-07-27,인크레더블 2,9.26
1208,2018-07-27,미션 임파서블: 폴아웃,9.22
1209,2018-07-27,벤허,9.22
1210,2018-07-27,사랑과 영혼,9.17
1211,2018-07-27,신비아파트: 금빛 도깨비와 비밀의 동굴,9.04
1212,2018-07-27,싱 스트리트,9.01
1213,2018-07-27,어벤져스: 인피니티 워,8.97
1214,2018-07-27,미드나잇 선,8.89
1215,2018-07-27,소공녀,8.88
1216,2018-07-27,아무도 모른다,8.83
1217,2018-07-27,그렇게 아버지가 된다,8.83
1218,2018-07-27,아이 필 프리티,8.82
1219,2018-07-27,리틀 포레스트,8.74
1220,2018-07-27,바닷마을 다이어리,8.74
1221,2018-07-27,"부르고뉴, 와인에서 찾은 인생",8.71
1222,2018-07-27,블레이드 2,8.69
1223,2018-07-27,앤트맨과 와스프,8.68
1224,2018-07-27,걸어도 걸어도,8.65
1225,2018-07-27,건축학개론,8.65
1226,2018-07-27,개들의 섬,8.64
1227,2018-07-27,진짜로 일어날지도 몰라 기적,8.63
1228,2018-07-27,태풍이 지나가고,8.6
1229,2018-07-27,시카리오: 데이 오브 솔다도,8.53
1230,2018-07-27,"오늘 밤, 로맨스 극장에서",8.51
1231,2018-07-27,탐정: 리턴즈,8.5
1232,2018-07-27,이별의 아침에 약속의 꽃을 장식하자,8.42
1233,2018-07-27,여고괴담 두번째 이야기,8.3
1234,2018-07-27,시카리오: 암살자의 도시,8.26
1235,2018-07-27,마녀,8.21
1236,2018-07-27,판의 미로 - 오필리아와 세 개의 열쇠,8.21
1237,2018-07-27,스카이스크래퍼,8.19
1238,2018-07-27,쥬라기 월드: 폴른 킹덤,8.16
1239,2018-07-27,나의 산티아고,8.13
1240,2018-07-27,환상의 빛,8.01
1241,2018-07-27,변산,7.99
1242,2018-07-27,아이 엠 러브,7.95
1243,2018-07-27,파리로 가는 길,7.91
1244,2018-07-27,조용한 가족,7.85
1245,2018-07-27,세 번째 살인,7.78
1246,2018-07-27,어거스트 : 가족의 초상,7.78
1247,2018-07-27,독전,7.63
1248,2018-07-27,단지 세상의 끝,7.45
1249,2018-07-27,킬링 디어,7.26
1250,2018-07-28,아일라,9.56
1251,2018-07-28,당갈,9.56
1252,2018-07-28,허스토리,9.42
1253,2018-07-28,원더,9.41
1254,2018-07-28,레옹,9.37
1255,2018-07-28,동주,9.35
1256,2018-07-28,피아니스트,9.3
1257,2018-07-28,인크레더블 2,9.26
1258,2018-07-28,벤허,9.22
1259,2018-07-28,미션 임파서블: 폴아웃,9.19
1260,2018-07-28,싱 스트리트,9.01
1261,2018-07-28,어벤져스: 인피니티 워,8.97
1262,2018-07-28,신비아파트: 금빛 도깨비와 비밀의 동굴,8.92
1263,2018-07-28,소공녀,8.88
1264,2018-07-28,미드나잇 선,8.88
1265,2018-07-28,그렇게 아버지가 된다,8.83
1266,2018-07-28,아무도 모른다,8.83
1267,2018-07-28,아이 필 프리티,8.82
1268,2018-07-28,리틀 포레스트,8.74
1269,2018-07-28,바닷마을 다이어리,8.74
1270,2018-07-28,"부르고뉴, 와인에서 찾은 인생",8.71
1271,2018-07-28,블레이드 2,8.69
1272,2018-07-28,앤트맨과 와스프,8.68
1273,2018-07-28,걸어도 걸어도,8.65
1274,2018-07-28,건축학개론,8.65
1275,2018-07-28,진짜로 일어날지도 몰라 기적,8.63
1276,2018-07-28,개들의 섬,8.63
1277,2018-07-28,태풍이 지나가고,8.6
1278,2018-07-28,시카리오: 데이 오브 솔다도,8.53
1279,2018-07-28,"오늘 밤, 로맨스 극장에서",8.51
1280,2018-07-28,탐정: 리턴즈,8.49
1281,2018-07-28,이별의 아침에 약속의 꽃을 장식하자,8.46
1282,2018-07-28,500일의 썸머,8.38
1283,2018-07-28,여고괴담 두번째 이야기,8.31
1284,2018-07-28,시카리오: 암살자의 도시,8.26
1285,2018-07-28,마녀,8.21
1286,2018-07-28,판의 미로 - 오필리아와 세 개의 열쇠,8.21
1287,2018-07-28,스카이스크래퍼,8.19
1288,2018-07-28,쥬라기 월드: 폴른 킹덤,8.15
1289,2018-07-28,나의 산티아고,8.13
1290,2018-07-28,변산,7.99
1291,2018-07-28,아이 엠 러브,7.95
1292,2018-07-28,파리로 가는 길,7.91
1293,2018-07-28,조용한 가족,7.85
1294,2018-07-28,한여름의 판타지아,7.83
1295,2018-07-28,세 번째 살인,7.78
1296,2018-07-28,어거스트 : 가족의 초상,7.78
1297,2018-07-28,독전,7.63
1298,2018-07-28,단지 세상의 끝,7.45
1299,2018-07-28,킬링 디어,7.29
1300,2018-07-29,아일라,9.56
1301,2018-07-29,당갈,9.56
1302,2018-07-29,허스토리,9.42
1303,2018-07-29,원더,9.41
1304,2018-07-29,레옹,9.37
1305,2018-07-29,동주,9.35
1306,2018-07-29,피아니스트,9.3
1307,2018-07-29,인크레더블 2,9.26
1308,2018-07-29,어느 가족,9.26
1309,2018-07-29,벤허,9.22
1310,2018-07-29,미션 임파서블: 폴아웃,9.17
1311,2018-07-29,싱 스트리트,9.01
1312,2018-07-29,어벤져스: 인피니티 워,8.97
1313,2018-07-29,신비아파트: 금빛 도깨비와 비밀의 동굴,8.91
1314,2018-07-29,소공녀,8.88
1315,2018-07-29,미드나잇 선,8.87
1316,2018-07-29,그렇게 아버지가 된다,8.83
1317,2018-07-29,아무도 모른다,8.83
1318,2018-07-29,아이 필 프리티,8.81
1319,2018-07-29,리틀 포레스트,8.74
1320,2018-07-29,바닷마을 다이어리,8.74
1321,2018-07-29,"부르고뉴, 와인에서 찾은 인생",8.71
1322,2018-07-29,블레이드 2,8.69
1323,2018-07-29,앤트맨과 와스프,8.68
1324,2018-07-29,걸어도 걸어도,8.65
1325,2018-07-29,건축학개론,8.65
1326,2018-07-29,진짜로 일어날지도 몰라 기적,8.63
1327,2018-07-29,개들의 섬,8.63
1328,2018-07-29,태풍이 지나가고,8.6
1329,2018-07-29,시카리오: 데이 오브 솔다도,8.53
1330,2018-07-29,"오늘 밤, 로맨스 극장에서",8.5
1331,2018-07-29,탐정: 리턴즈,8.48
1332,2018-07-29,이별의 아침에 약속의 꽃을 장식하자,8.47
1333,2018-07-29,500일의 썸머,8.38
1334,2018-07-29,여고괴담 두번째 이야기,8.31
1335,2018-07-29,시카리오: 암살자의 도시,8.26
1336,2018-07-29,마녀,8.22
1337,2018-07-29,판의 미로 - 오필리아와 세 개의 열쇠,8.21
1338,2018-07-29,스카이스크래퍼,8.18
1339,2018-07-29,쥬라기 월드: 폴른 킹덤,8.15
1340,2018-07-29,나의 산티아고,8.13
1341,2018-07-29,변산,7.99
1342,2018-07-29,아이 엠 러브,7.92
1343,2018-07-29,파리로 가는 길,7.91
1344,2018-07-29,조용한 가족,7.85
1345,2018-07-29,한여름의 판타지아,7.83
1346,2018-07-29,세 번째 살인,7.78
1347,2018-07-29,어거스트 : 가족의 초상,7.78
1348,2018-07-29,독전,7.62
1349,2018-07-29,단지 세상의 끝,7.45
1350,2018-07-30,아일라,9.56
1351,2018-07-30,당갈,9.56
1352,2018-07-30,허스토리,9.42
1353,2018-07-30,원더,9.41
1354,2018-07-30,레옹,9.37
1355,2018-07-30,동주,9.35
1356,2018-07-30,피아니스트,9.3
1357,2018-07-30,인크레더블 2,9.27
1358,2018-07-30,어느 가족,9.26
1359,2018-07-30,"서서평, 천천히 평온하게",9.22
1360,2018-07-30,바람과 함께 사라지다,9.22
1361,2018-07-30,벤허,9.22
1362,2018-07-30,미션 임파서블: 폴아웃,9.17
1363,2018-07-30,싱 스트리트,9.01
1364,2018-07-30,어벤져스: 인피니티 워,8.97
1365,2018-07-30,미션,8.9
1366,2018-07-30,신비아파트: 금빛 도깨비와 비밀의 동굴,8.89
1367,2018-07-30,소공녀,8.88
1368,2018-07-30,미드나잇 선,8.88
1369,2018-07-30,아무도 모른다,8.83
1370,2018-07-30,그렇게 아버지가 된다,8.83
1371,2018-07-30,아이 필 프리티,8.81
1372,2018-07-30,리틀 포레스트,8.74
1373,2018-07-30,바닷마을 다이어리,8.74
1374,2018-07-30,"부르고뉴, 와인에서 찾은 인생",8.71
1375,2018-07-30,블레이드 2,8.69
1376,2018-07-30,앤트맨과 와스프,8.68
1377,2018-07-30,걸어도 걸어도,8.65
1378,2018-07-30,건축학개론,8.65
1379,2018-07-30,개들의 섬,8.63
1380,2018-07-30,태풍이 지나가고,8.6
1381,2018-07-30,시카리오: 데이 오브 솔다도,8.53
1382,2018-07-30,"오늘 밤, 로맨스 극장에서",8.5
1383,2018-07-30,이별의 아침에 약속의 꽃을 장식하자,8.46
1384,2018-07-30,500일의 썸머,8.38
1385,2018-07-30,시카리오: 암살자의 도시,8.26
1386,2018-07-30,마녀,8.22
1387,2018-07-30,판의 미로 - 오필리아와 세 개의 열쇠,8.21
1388,2018-07-30,스카이스크래퍼,8.18
1389,2018-07-30,쥬라기 월드: 폴른 킹덤,8.14
1390,2018-07-30,나의 산티아고,8.13
1391,2018-07-30,변산,7.98
1392,2018-07-30,아이 엠 러브,7.93
1393,2018-07-30,파리로 가는 길,7.91
1394,2018-07-30,조용한 가족,7.85
1395,2018-07-30,한여름의 판타지아,7.83
1396,2018-07-30,세 번째 살인,7.78
1397,2018-07-30,어거스트 : 가족의 초상,7.78
1398,2018-07-30,독전,7.62
1399,2018-07-30,단지 세상의 끝,7.45
1400,2018-07-31,아일라,9.56
1401,2018-07-31,당갈,9.55
1402,2018-07-31,허스토리,9.42
1403,2018-07-31,원더,9.41
1404,2018-07-31,레옹,9.37
1405,2018-07-31,동주,9.35
1406,2018-07-31,피아니스트,9.3
1407,2018-07-31,인크레더블 2,9.27
1408,2018-07-31,어느 가족,9.22
1409,2018-07-31,바람과 함께 사라지다,9.22
1410,2018-07-31,벤허,9.22
1411,2018-07-31,파수꾼,9.19
1412,2018-07-31,미션 임파서블: 폴아웃,9.16
1413,2018-07-31,싱 스트리트,9.01
1414,2018-07-31,어벤져스: 인피니티 워,8.96
1415,2018-07-31,미션,8.9
1416,2018-07-31,소공녀,8.88
1417,2018-07-31,미드나잇 선,8.86
1418,2018-07-31,신비아파트: 금빛 도깨비와 비밀의 동굴,8.85
1419,2018-07-31,그렇게 아버지가 된다,8.83
1420,2018-07-31,아이 필 프리티,8.8
1421,2018-07-31,리틀 포레스트,8.74
1422,2018-07-31,바닷마을 다이어리,8.74
1423,2018-07-31,"부르고뉴, 와인에서 찾은 인생",8.71
1424,2018-07-31,블레이드 2,8.69
1425,2018-07-31,앤트맨과 와스프,8.68
1426,2018-07-31,걸어도 걸어도,8.65
1427,2018-07-31,건축학개론,8.65
1428,2018-07-31,개들의 섬,8.61
1429,2018-07-31,태풍이 지나가고,8.6
1430,2018-07-31,시카리오: 데이 오브 솔다도,8.53
1431,2018-07-31,"오늘 밤, 로맨스 극장에서",8.5
1432,2018-07-31,이별의 아침에 약속의 꽃을 장식하자,8.48
1433,2018-07-31,500일의 썸머,8.38
1434,2018-07-31,시카리오: 암살자의 도시,8.26
1435,2018-07-31,마녀,8.22
1436,2018-07-31,판의 미로 - 오필리아와 세 개의 열쇠,8.21
1437,2018-07-31,스카이스크래퍼,8.18
1438,2018-07-31,쥬라기 월드: 폴른 킹덤,8.13
1439,2018-07-31,나의 산티아고,8.13
1440,2018-07-31,변산,7.98
1441,2018-07-31,아이 엠 러브,7.91
1442,2018-07-31,파리로 가는 길,7.91
1443,2018-07-31,조용한 가족,7.85
1444,2018-07-31,한여름의 판타지아,7.83
1445,2018-07-31,세 번째 살인,7.78
1446,2018-07-31,어거스트 : 가족의 초상,7.78
1447,2018-07-31,독전,7.62
1448,2018-07-31,단지 세상의 끝,7.45
1449,2018-07-31,킬링 디어,7.17
1450,2018-08-01,아일라,9.56
1451,2018-08-01,당갈,9.55
1452,2018-08-01,원더,9.41
1453,2018-08-01,허스토리,9.41
1454,2018-08-01,레옹,9.37
1455,2018-08-01,동주,9.35
1456,2018-08-01,인크레더블 2,9.27
1457,2018-08-01,어느 가족,9.25
1458,2018-08-01,바람과 함께 사라지다,9.22
1459,2018-08-01,벤허,9.22
1460,2018-08-01,파수꾼,9.19
1461,2018-08-01,미션 임파서블: 폴아웃,9.16
1462,2018-08-01,레이,9.03
1463,2018-08-01,싱 스트리트,9.01
1464,2018-08-01,어벤져스: 인피니티 워,8.96
1465,2018-08-01,"알로, 슈티",8.89
1466,2018-08-01,미션,8.89
1467,2018-08-01,소공녀,8.89
1468,2018-08-01,미드나잇 선,8.86
1469,2018-08-01,그렇게 아버지가 된다,8.83
1470,2018-08-01,신비아파트: 금빛 도깨비와 비밀의 동굴,8.82
1471,2018-08-01,리틀 포레스트,8.74
1472,2018-08-01,바닷마을 다이어리,8.74
1473,2018-08-01,"부르고뉴, 와인에서 찾은 인생",8.71
1474,2018-08-01,블레이드 2,8.69
1475,2018-08-01,앤트맨과 와스프,8.68
1476,2018-08-01,걸어도 걸어도,8.65
1477,2018-08-01,건축학개론,8.65
1478,2018-08-01,개들의 섬,8.6
1479,2018-08-01,태풍이 지나가고,8.6
1480,2018-08-01,시카리오: 데이 오브 솔다도,8.53
1481,2018-08-01,"오늘 밤, 로맨스 극장에서",8.5
1482,2018-08-01,이별의 아침에 약속의 꽃을 장식하자,8.49
1483,2018-08-01,500일의 썸머,8.38
1484,2018-08-01,마녀,8.21
1485,2018-08-01,판의 미로 - 오필리아와 세 개의 열쇠,8.21
1486,2018-08-01,스카이스크래퍼,8.18
1487,2018-08-01,나의 산티아고,8.13
1488,2018-08-01,쥬라기 월드: 폴른 킹덤,8.13
1489,2018-08-01,변산,7.98
1490,2018-08-01,아이 엠 러브,7.93
1491,2018-08-01,파리로 가는 길,7.91
1492,2018-08-01,조용한 가족,7.86
1493,2018-08-01,한여름의 판타지아,7.83
1494,2018-08-01,세 번째 살인,7.78
1495,2018-08-01,어거스트 : 가족의 초상,7.78
1496,2018-08-01,독전,7.62
1497,2018-08-01,단지 세상의 끝,7.45
1498,2018-08-01,킬링 디어,7.19
1499,2018-08-01,신과함께-인과 연,7.17
1500,2018-08-02,아일라,9.55
1501,2018-08-02,당갈,9.55
1502,2018-08-02,원더,9.41
1503,2018-08-02,허스토리,9.41
1504,2018-08-02,레옹,9.37
1505,2018-08-02,동주,9.35
1506,2018-08-02,극장판 헬로카봇 : 백악기 시대,9.29
1507,2018-08-02,어느 가족,9.27
1508,2018-08-02,인크레더블 2,9.27
1509,2018-08-02,바람과 함께 사라지다,9.22
1510,2018-08-02,벤허,9.22
1511,2018-08-02,파수꾼,9.19
1512,2018-08-02,미션 임파서블: 폴아웃,9.15
1513,2018-08-02,레이,9.03
1514,2018-08-02,싱 스트리트,9.01
1515,2018-08-02,어벤져스: 인피니티 워,8.96
1516,2018-08-02,"알로, 슈티",8.89
1517,2018-08-02,미션,8.89
1518,2018-08-02,소공녀,8.88
1519,2018-08-02,미드나잇 선,8.84
1520,2018-08-02,그렇게 아버지가 된다,8.83
1521,2018-08-02,신비아파트: 금빛 도깨비와 비밀의 동굴,8.83
1522,2018-08-02,리틀 포레스트,8.74
1523,2018-08-02,바닷마을 다이어리,8.74
1524,2018-08-02,"부르고뉴, 와인에서 찾은 인생",8.71
1525,2018-08-02,블레이드 2,8.69
1526,2018-08-02,앤트맨과 와스프,8.68
1527,2018-08-02,걸어도 걸어도,8.65
1528,2018-08-02,건축학개론,8.65
1529,2018-08-02,태풍이 지나가고,8.6
1530,2018-08-02,개들의 섬,8.6
1531,2018-08-02,시카리오: 데이 오브 솔다도,8.53
1532,2018-08-02,"오늘 밤, 로맨스 극장에서",8.51
1533,2018-08-02,이별의 아침에 약속의 꽃을 장식하자,8.51
1534,2018-08-02,500일의 썸머,8.38
1535,2018-08-02,마녀,8.22
1536,2018-08-02,판의 미로 - 오필리아와 세 개의 열쇠,8.2
1537,2018-08-02,스카이스크래퍼,8.18
1538,2018-08-02,나의 산티아고,8.13
1539,2018-08-02,쥬라기 월드: 폴른 킹덤,8.13
1540,2018-08-02,아이 엠 러브,7.95
1541,2018-08-02,변산,7.92
1542,2018-08-02,파리로 가는 길,7.91
1543,2018-08-02,조용한 가족,7.86
1544,2018-08-02,한여름의 판타지아,7.83
1545,2018-08-02,세 번째 살인,7.79
1546,2018-08-02,어거스트 : 가족의 초상,7.78
1547,2018-08-02,신과함께-인과 연,7.63
1548,2018-08-02,독전,7.61
1549,2018-08-02,단지 세상의 끝,7.45
1550,2018-08-03,아일라,9.56
1551,2018-08-03,당갈,9.55
1552,2018-08-03,원더,9.41
1553,2018-08-03,허스토리,9.41
1554,2018-08-03,레옹,9.37
1555,2018-08-03,동주,9.35
1556,2018-08-03,극장판 헬로카봇 : 백악기 시대,9.3
1557,2018-08-03,인크레더블 2,9.27
1558,2018-08-03,어느 가족,9.26
1559,2018-08-03,바람과 함께 사라지다,9.22
1560,2018-08-03,벤허,9.22
1561,2018-08-03,파수꾼,9.19
1562,2018-08-03,미션 임파서블: 폴아웃,9.15
1563,2018-08-03,레이,9.03
1564,2018-08-03,싱 스트리트,9.01
1565,2018-08-03,어벤져스: 인피니티 워,8.96
1566,2018-08-03,"알로, 슈티",8.89
1567,2018-08-03,미션,8.89
1568,2018-08-03,소공녀,8.89
1569,2018-08-03,미드나잇 선,8.84
1570,2018-08-03,그렇게 아버지가 된다,8.83
1571,2018-08-03,신비아파트: 금빛 도깨비와 비밀의 동굴,8.83
1572,2018-08-03,리틀 포레스트,8.74
1573,2018-08-03,바닷마을 다이어리,8.74
1574,2018-08-03,"부르고뉴, 와인에서 찾은 인생",8.71
1575,2018-08-03,블레이드 2,8.69
1576,2018-08-03,앤트맨과 와스프,8.68
1577,2018-08-03,걸어도 걸어도,8.65
1578,2018-08-03,건축학개론,8.65
1579,2018-08-03,개들의 섬,8.6
1580,2018-08-03,태풍이 지나가고,8.6
1581,2018-08-03,시카리오: 데이 오브 솔다도,8.53
1582,2018-08-03,이별의 아침에 약속의 꽃을 장식하자,8.52
1583,2018-08-03,"오늘 밤, 로맨스 극장에서",8.51
1584,2018-08-03,500일의 썸머,8.38
1585,2018-08-03,마녀,8.22
1586,2018-08-03,판의 미로 - 오필리아와 세 개의 열쇠,8.2
1587,2018-08-03,스카이스크래퍼,8.18
1588,2018-08-03,나의 산티아고,8.13
1589,2018-08-03,쥬라기 월드: 폴른 킹덤,8.12
1590,2018-08-03,아이 엠 러브,7.96
1591,2018-08-03,파리로 가는 길,7.91
1592,2018-08-03,조용한 가족,7.86
1593,2018-08-03,변산,7.86
1594,2018-08-03,한여름의 판타지아,7.83
1595,2018-08-03,세 번째 살인,7.78
1596,2018-08-03,어거스트 : 가족의 초상,7.78
1597,2018-08-03,신과함께-인과 연,7.7
1598,2018-08-03,독전,7.61
1599,2018-08-03,콜 미 바이 유어 네임,7.53
1600,2018-08-04,아일라,9.56
1601,2018-08-04,당갈,9.55
1602,2018-08-04,원더,9.41
1603,2018-08-04,허스토리,9.41
1604,2018-08-04,레옹,9.37
1605,2018-08-04,동주,9.35
1606,2018-08-04,극장판 헬로카봇 : 백악기 시대,9.27
1607,2018-08-04,인크레더블 2,9.26
1608,2018-08-04,어느 가족,9.25
1609,2018-08-04,바람과 함께 사라지다,9.22
1610,2018-08-04,파수꾼,9.19
1611,2018-08-04,미션 임파서블: 폴아웃,9.16
1612,2018-08-04,레이,9.03
1613,2018-08-04,싱 스트리트,9.01
1614,2018-08-04,어벤져스: 인피니티 워,8.96
1615,2018-08-04,"알로, 슈티",8.89
1616,2018-08-04,미션,8.89
1617,2018-08-04,소공녀,8.89
1618,2018-08-04,미드나잇 선,8.83
1619,2018-08-04,그렇게 아버지가 된다,8.83
1620,2018-08-04,신비아파트: 금빛 도깨비와 비밀의 동굴,8.82
1621,2018-08-04,리틀 포레스트,8.74
1622,2018-08-04,바닷마을 다이어리,8.74
1623,2018-08-04,"부르고뉴, 와인에서 찾은 인생",8.72
1624,2018-08-04,블레이드 2,8.69
1625,2018-08-04,앤트맨과 와스프,8.67
1626,2018-08-04,건축학개론,8.65
1627,2018-08-04,걸어도 걸어도,8.65
1628,2018-08-04,개들의 섬,8.6
1629,2018-08-04,태풍이 지나가고,8.6
1630,2018-08-04,시카리오: 데이 오브 솔다도,8.53
1631,2018-08-04,"오늘 밤, 로맨스 극장에서",8.51
1632,2018-08-04,이별의 아침에 약속의 꽃을 장식하자,8.49
1633,2018-08-04,500일의 썸머,8.38
1634,2018-08-04,마녀,8.22
1635,2018-08-04,스카이스크래퍼,8.18
1636,2018-08-04,나의 산티아고,8.13
1637,2018-08-04,쥬라기 월드: 폴른 킹덤,8.12
1638,2018-08-04,아이 엠 러브,7.98
1639,2018-08-04,파리로 가는 길,7.91
1640,2018-08-04,조용한 가족,7.86
1641,2018-08-04,한여름의 판타지아,7.83
1642,2018-08-04,변산,7.81
1643,2018-08-04,세 번째 살인,7.78
1644,2018-08-04,어거스트 : 가족의 초상,7.78
1645,2018-08-04,신과함께-인과 연,7.72
1646,2018-08-04,독전,7.61
1647,2018-08-04,콜 미 바이 유어 네임,7.53
1648,2018-08-04,단지 세상의 끝,7.45
1649,2018-08-04,킬링 디어,7.21
